rank,repo,language,candidates,strong(>=55),best_score,source_archive,example
1,worknest,JS/TS,3,3,86.0,project_silver_repos/9wPuGNy2ZjhG5wwvAAs7__worknest.zip,Investigate and fix auth issue indicated by commit 'test: Pl
2,whaler,JS/TS,3,3,85.5,project_silver_repos/oxneHL3CRifbHfhEpV09__whaler.zip,Fix(filesystem-auth): allow worktree access through macOS /v
3,vault-service,Java,3,3,82.5,project_silver_repos/4EFokkH8brdfoCQgA8jC__vault-service.zip,Investigate and fix timeout issue indicated by commit 'PRF-8
4,LocalPay-System-and-API,JS/TS,3,3,80.5,project_silver_repos/nGIkUIMl9OuYeQAh5XtC__LocalPay-System-and-API.zip,Fixed the issue that woud cause in race condtion and reopini
5,repflow-frontend,JS/TS,3,3,77.5,project_silver_repos/yXA0BqxjhUZ0KUQ7z40x__repflow-frontend.zip,Fix(auth): pick Cognito defaults from NEXT_PUBLIC_API_BASE_U
6,Sefarius,JS/TS,3,3,77.5,project_silver_repos/UMUsuLdxETQowOJrP247__Sefarius.zip,Fix(frontend): surface inline validation errors on stepper N
7,notification-backend,JS/TS,3,3,77.0,project_silver_repos/sa8Vxbnc2BSEFgnaeI7M__notification-backend.zip,Investigate and fix parser issue indicated by commit 'feat(i
8,PulseEngine,Python,3,3,75.0,project_silver_repos/BuyRNeaXb9ZONaC6zY8Y__PulseEngine.zip,Fix(perf): optimize state/router/aggregator — targeted expir
9,PulseEngine_patched,Python,3,3,75.0,project_silver_repos/BuyRNeaXb9ZONaC6zY8Y__PulseEngine_patched.zip,Fix(perf): optimize state/router/aggregator — targeted expir
10,kvu,Python,3,3,73.0,project_silver_repos/g0EA1lDTW8YS9tmA0LeT__kvu.zip,Fix(engine): add edge cases for zero-credit courses
11,pantry,JS/TS,3,3,71.0,project_silver_repos/vIvLKvQhtQGBmob11Pri__pantry.zip,Investigate and fix validate issue indicated by commit 'impo
12,servesync,Python,3,3,69.5,project_silver_repos/lqqGpMCoMa7neQ3PRLGY__servesync.zip,"Investigate and fix decode, encode issue indicated by commit"
13,WaveSmith,Python,3,3,69.0,project_silver_repos/qSt42eVmhZYB7ze74PjV__WaveSmith.zip,"Fix(perf): optimize transforms — FFT-based autocorrelation, "
14,TidalScheduler,JS/TS,3,3,67.5,project_silver_repos/bCVNHPPgpOlvJW18qWwG__TidalScheduler.zip,"Fix(perf): optimize persistence — Map-based edge storage, jo"
15,saige,JS/TS,3,3,64.0,project_silver_repos/IzodHGuZZGBQl8XeOJVS__saige.zip,Fixed notirization and build issues
16,graphkit,JS/TS,3,3,63.5,project_silver_repos/YobEA4vMqpMCNfkj9FZk__graphkit.zip,Investigate and fix path issue indicated by commit 'add path
17,saige2.0,JS/TS,3,3,61.5,project_silver_repos/O81Rlc5hXcFIRUIvn2la__saige2.0.zip,"Investigate and fix fix, bug issue indicated by commit 'secu"
18,containerctl,Go,3,3,58.0,project_silver_repos/yjLErScIYT4X7CgfAYwz__containerctl.zip,"Investigate and fix parse, decoder issue indicated by commit"
19,FlowQ,Python,3,2,99.0,project_silver_repos/HTNhvrcMMTlisfdZJgLV__FlowQ.zip,"Fix: resolve test isolation, timeout=None DB constraint, and"
20,ledgerlift,Python,3,2,79.0,project_silver_repos/8Ys4OhdfSzz331HzQ0ZT__ledgerlift.zip,"Investigate and fix auth, path issue indicated by commit 'te"
21,analytics-service,JS/TS,3,2,77.0,project_silver_repos/daK6vFWbcBwjsBaCuxhu__analytics-service.zip,Fix: correct API Gateway base path configuration for integra
22,Modelix-DataAnalytics,Python,3,2,75.5,project_silver_repos/pwDgDXpEDs9oTnwjdmPq__Modelix-DataAnalytics.zip,"Fix: Google OAuth end-to-end - route alias, cookie path, fet"
23,blog-writer-will,JS/TS,3,2,75.0,project_silver_repos/1ovoO9Ue5VPGZBLZLSuK__blog-writer-will.zip,Fix CSRF token in invite
24,nimbus,Python,3,2,73.5,project_silver_repos/OwE5VYrw5JdtILMqcl8m__nimbus.zip,Investigate and fix security issue indicated by commit 'api:
25,esim-platform,Python,3,2,72.5,project_silver_repos/s6LjMnkjGj85TwOqceqP__esim-platform.zip,Fix: resolve serial port I/O error loop and concurrent acces
26,credit-card-onboarding-service,JS/TS,3,2,71.0,project_silver_repos/KySuDnBe6Rr59YOjUZKq__credit-card-onboarding-service.zip,Fix: accept cashAdvance as number in ingestAggregator schema
27,arcadia-interface,JS/TS,3,2,68.0,project_silver_repos/AEeojmFX2iPVlhY3qEu5__arcadia-interface.zip,Fix auth
28,DexfinV3-backend,JS/TS,3,2,68.0,project_silver_repos/G3PD2NXrnDi0DKO9Aa4O__DexfinV3-backend.zip,FIX: get games without auth
29,vaultpipe-repo,Python,3,2,68.0,project_silver_repos/OzB7FQOck4I3FFY24qd2__vaultpipe-repo.zip,Investigate and fix auth issue indicated by commit 'feat(api
30,propvault,JS/TS,3,2,66.0,project_silver_repos/2DloJHdZd7TfZTQmp3nu__propvault.zip,"Investigate and fix validation, auth issue indicated by comm"
31,dineops,unknown,3,2,65.0,project_silver_repos/xg0lKcCrHWoZiD89Ro9Z__dineops.zip,Investigate and fix precision issue indicated by commit 'com
32,taskbeast,Python,3,2,61.0,project_silver_repos/vjzmiUA9sin4THKS8oCr__taskbeast.zip,Fixed login page toast error by updating router and auth log
33,management-bot,JS/TS,3,2,60.5,project_silver_repos/0GEqltSbrfCx4dSkMv2d__management-bot.zip,Fix(trialserver commands): fix ip column cache bug
34,solareum-bot,JS/TS,3,2,59.5,project_silver_repos/15IcnEjLpelYd69TCpGI__solareum-bot.zip,Fixed some bug in syncing raydium lp
35,Trimayafit-demo,JS/TS,3,2,59.0,project_silver_repos/6ve4cqGOOWxEZtCTU4qu__Trimayafit-demo.zip,Fix: Resolve infinite loading loop on dashboard filters
36,go-logistics-ops,unknown,3,2,58.5,project_silver_repos/t0Yo101vf1lgc66caESg__go-logistics-ops.zip,Fix(http): validate Content-Type on upload endpoints
37,lattice,Go,3,2,58.0,project_silver_repos/MB23sclvKuAn0RLTdVW1__lattice.zip,"Investigate and fix fix, panic issue indicated by commit 'pk"
38,AdvisoryStudioBot,JS/TS,3,2,56.5,project_silver_repos/Xr1S7BI7vtEO6z5dUqUR__AdvisoryStudioBot.zip,Fixed bug and added UAT settings
39,Bingo-game,JS/TS,3,2,56.0,project_silver_repos/rj8EMwNbxgcfyDgq3Mly__Bingo-game.zip,Fix: winner table
40,lecturn,JS/TS,3,1,83.5,project_silver_repos/XwTadDYsj4OsDyurZ3HC__lecturn.zip,Fix(player): route media through /stream proxy so the auth c
41,LatticeSync,JS/TS,3,1,81.5,project_silver_repos/JTeM7HFlxEboiW4qAQY7__LatticeSync.zip,Fix(sync): use sender-scoped message IDs in CausalBroadcast 
42,cobol-rekt,Java,3,1,81.0,project_silver_repos/xCbpL93WUoaPJtZCv9CO__cobol-rekt.zip,Fixing bug in TranspilerNode creation inside IF-THEN clauses
43,TaxscapeCursor,Python,3,1,81.0,project_silver_repos/s4aTwzcxad0h51IcczoJ__TaxscapeCursor.zip,Fix auth race condition on page refresh - add retry logic to
44,Smartbiometricsecurity,Python,3,1,81.0,project_silver_repos/c4BrdKoQWiPiSW1w7m5q__Smartbiometricsecurity.zip,Investigate and fix auth issue indicated by commit 'test(aut
45,repayment-service,JS/TS,3,1,75.5,project_silver_repos/UL8oMB1GmGgKChghMd26__repayment-service.zip,"Fix: restore paymentSuccessful endpoint, make CPA_ATTEMPT_LI"
46,LeapFrog-cards-service,Java,3,1,75.0,project_silver_repos/hSvK5VQNm7jCj4F2ccLI__LeapFrog-cards-service.zip,"Investigate and fix fix, validation issue indicated by commi"
47,brindle,Python,3,1,75.0,project_silver_repos/ersOkak2IghXoduO0tS1__brindle.zip,Fix(csv): strip UTF-8 BOM from Excel-exported files
48,voice-agent,JS/TS,3,1,74.5,project_silver_repos/tRrxR4IWLPYGqMUhNmOo__voice-agent.zip,"Fix login hang: remove auth init timeout, add timeouts to re"
49,bookz,Python,3,1,74.5,project_silver_repos/fhWLd7PLxSnLoaamhbia__bookz.zip,Fix: series add returns correct id; backup dump leaves BEGIN
50,runs,Python,3,1,74.0,project_silver_repos/I7iZVS7GwBncRFOtYjNt__runs.zip,"Fix: strava date parsing, vdot formula, test assertions"
51,ledgercore,Python,3,1,73.5,project_silver_repos/ViBjNvr7P9COpqMNBxl6__ledgercore.zip,Fix test fixtures for chart hierarchy and reports
52,ours,JS/TS,3,1,72.0,project_silver_repos/qICKbAVgcinihlgKjSgd__ours.zip,Fix(stream-info): truncate long payment handles to prevent o
53,personal-finance-agent,Python,2,1,72.0,project_silver_repos/g2u4ya1Xejb50xEyp9vg__personal-finance-agent.zip,"Investigate and fix auth, security issue indicated by commit"
54,nimbus-auction-core,JS/TS,3,1,71.0,project_silver_repos/TJYvoNZq4a8zaouBBXKZ__nimbus-auction-core.zip,Investigate and fix validation issue indicated by commit 'fe
55,pursa,Python,3,1,71.0,project_silver_repos/pags98mlAccqpzOaEz4i__pursa.zip,Investigate and fix security issue indicated by commit 'test
56,opiatalk-check,Java,3,1,70.0,project_silver_repos/5OrfryqoioMGYUJz5s4g__opiatalk-check.zip,Investigate and fix fix issue indicated by commit 'OP-1154 :
57,listeners,Java,3,1,69.5,project_silver_repos/spBqW3o4vqBH2MkI0r5p__listeners.zip,"Investigate and fix fix, null issue indicated by commit 'Uni"
58,ProjectHalos,Java,3,1,69.5,project_silver_repos/btrFAxPlZhM0NV3Xqrpi__ProjectHalos.zip,Fix(apikey): break the SecurityConfig <-> UserService cycle
59,pebble,Python,1,1,69.5,project_silver_repos/yqaHuD7oJ5Glmwwog7cY__pebble.zip,Investigate and fix edge issue indicated by commit 'More tes
60,Faillink,Python,3,1,69.0,project_silver_repos/NxE6li2ZRWge2lf447bz__Faillink.zip,Fix(api): validate alert id for test-email endpoints
61,repo-1,Python,3,1,69.0,project_silver_repos/2EEL1nubCwu3lWKAqsnx__repo-1.zip,Investigate and fix decoder issue indicated by commit 'edex/
62,stock-news-sentiment,Python,3,1,69.0,project_silver_repos/hznzVo4uUAXcdFUOW0XO__stock-news-sentiment.zip,"Fix SentimentTrainingPipeline: add from_dataframe, metrics, "
63,verity,Python,3,1,69.0,project_silver_repos/MXpn38SljWbQrUIjVnFP__verity.zip,"Investigate and fix validate, validation issue indicated by "
64,eventnexus,Python,3,1,68.5,project_silver_repos/Dj2tqFI5qGPI3ctCfOxq__eventnexus.zip,Investigate and fix security issue indicated by commit 'Add 
65,stockflow,Python,3,1,68.5,project_silver_repos/d6SBDXivGcGAYS93PJGZ__stockflow.zip,Investigate and fix security issue indicated by commit 'Add 
66,MuzNet-mobile,JS/TS,3,1,68.0,project_silver_repos/ukb6GgsSRhS4OBTCXCIH__MuzNet-mobile.zip,Fix: crash bug cause of integer on switch toggle
67,3rd-brain-backend,JS/TS,3,1,67.5,project_silver_repos/1jqg6bKHYy8KiEdxqis8__3rd-brain-backend.zip,"Fix: update auth middleware, error handling, register endpoi"
68,repflow,Python,3,1,66.0,project_silver_repos/wppZw34f4yHVOOzcJG0c__repflow.zip,Fix bearer auth update error handler to show missing require
69,genie-api,Python,3,1,65.5,project_silver_repos/GstLmUs025XBQxrcJLvx__genie-api.zip,Fix a small bug
70,ledge,Python,2,1,64.0,project_silver_repos/PXbLz8CbmbxFQWQF1gWU__ledge.zip,Investigate and fix parser issue indicated by commit 'tests:
71,bulwark,Python,3,1,63.5,project_silver_repos/xHdqqNmmLRNApGIZk1TX__bulwark.zip,"Investigate and fix edge, parser issue indicated by commit '"
72,nota,Python,3,1,63.5,project_silver_repos/xM24WcBVLv23JcpcCOk0__nota.zip,Investigate and fix thread issue indicated by commit 'feat: 
73,openfield,JS/TS,3,1,63.0,project_silver_repos/FNWGFaQsfJiRbcdEujkW__openfield.zip,Fix security linter warnings
74,PRLens,JS/TS,3,1,62.5,project_silver_repos/SiHQyGFqQfkmO7lO1KNm__PRLens.zip,"Investigate and fix edge, auth issue indicated by commit 'fe"
75,rivulet,Python,3,1,62.0,project_silver_repos/BVFtlgghiqiUOo5O74N4__rivulet.zip,"Investigate and fix parser, security issue indicated by comm"
76,frontend_copy,JS/TS,3,1,62.0,project_silver_repos/Amgl4P2B4JxfoCaaHsGG__frontend_copy.zip,"Fix: fixed subscription screen flicker, toaster for client o"
77,moneyflap-core-service,JS/TS,3,1,62.0,project_silver_repos/TujZNTCDnD7P0IWDGcwj__moneyflap-core-service.zip,Fix(administrators): handle auth env extetions
78,Endubis-Wallet-Dev-Backend,JS/TS,3,1,62.0,project_silver_repos/h2JL88J5IFbpvHigYVlh__Endubis-Wallet-Dev-Backend.zip,Fix: Ad transaction fixed by using seedphrase form storage a
79,timewindow-lib,Python,3,1,62.0,project_silver_repos/UVa89hisQtQe3ycHuJTD__timewindow-lib.zip,Investigate and fix parse issue indicated by commit 'feat: p
80,pff-mobile,JS/TS,3,1,62.0,project_silver_repos/eoqDGSn3EK8BVkgIJAs3__pff-mobile.zip,Fixed the iOS download file issue for formula.
81,cart-system,JS/TS,3,1,61.5,project_silver_repos/49NYJ24oWtr6X0he4rWw__cart-system.zip,"Investigate and fix validation, auth issue indicated by comm"
82,zorvyn-finance-rbac-backend,JS/TS,3,1,61.5,project_silver_repos/9BeNLkk3LUSEUt0uA32t__zorvyn-finance-rbac-backend.zip,Fix: validate resource ids as proper ObjectIds
83,Product-Server,JS/TS,2,1,61.5,project_silver_repos/EUUpFNcS8rpKZTVUwNMQ__Product-Server.zip,Investigate and fix auth issue indicated by commit 'auth con
84,PaalSportsBetting,JS/TS,3,1,61.0,project_silver_repos/S8DtF7EIIAipGtcjHJVI__PaalSportsBetting.zip,Fix: add validate tickets logic for invalid ones
85,studio-client,JS/TS,3,1,61.0,project_silver_repos/WetpOR35a2XK61Y1HMqQ__studio-client.zip,"Investigate and fix fix, infinite issue indicated by commit "
86,shoptimizer,JS/TS,3,1,61.0,project_silver_repos/fTu8KbRNT5ZnGVJeSFAT__shoptimizer.zip,"Investigate and fix fix, timeout issue indicated by commit '"
87,cateringhub,unknown,3,1,61.0,project_silver_repos/1IdFaPh6vI9Z4KFajCYT__cateringhub.zip,Investigate and fix auth issue indicated by commit 'menus: e
88,support-chat,JS/TS,3,1,60.5,project_silver_repos/yzUJe2KVJcvSHsmLm5GO__support-chat.zip,Fix: Resolve remaining contact_id null errors and add guest_
89,loreforge,JS/TS,3,1,60.5,project_silver_repos/0Z3RvFFQhbSRXBJsgo73__loreforge.zip,Investigate and fix permission issue indicated by commit 'ad
90,just-numbers-frontend,JS/TS,3,1,59.5,project_silver_repos/v5Z3KuhieMs0irRAu60e__just-numbers-frontend.zip,"Investigate and fix fix, fixed issue indicated by commit '[f"
91,tallow,Python,3,1,59.5,project_silver_repos/4TfW0JCuLC0gWSvwrNmH__tallow.zip,Fix: buffer.take returns empty immediately on closed-and-emp
92,Airflow-Service,Python,3,1,59.5,project_silver_repos/ApLroI9rnbMFd5MoIMTg__Airflow-Service.zip,Investigate and fix auth issue indicated by commit 'Added Au
93,airflow_service,Python,3,1,59.5,project_silver_repos/n7aSzGFIkV78QwGnJSbi__airflow_service.zip,Investigate and fix auth issue indicated by commit 'Added Au
94,control-tower,JS/TS,3,1,59.0,project_silver_repos/j2G8Tmf6alhaeB6doaua__control-tower.zip,Fix Step 15 auto-include + Step 16 validation crash
95,house-price-prediction,Python,3,1,59.0,project_silver_repos/d9AczXFCC8QvQW6229cc__house-price-prediction.zip,"Fix validate_features for numpy arrays, add feature_importan"
96,Tenora-Api,JS/TS,3,1,57.5,project_silver_repos/1AF8O1L47dGcZ3rCP5pI__Tenora-Api.zip,"Investigate and fix validation, edge issue indicated by comm"
97,msgpackd,Go,3,1,57.5,project_silver_repos/r2gK9rOA5SUAgVKpA3qU__msgpackd.zip,"Investigate and fix bug, regression issue indicated by commi"
98,roastboard,Python,3,1,57.5,project_silver_repos/kfqjvYiGFXK4kF2ka3mA__roastboard.zip,Fix(roast): weight loss pct uses green weight as denominator
99,cvideolal,JS/TS,3,1,57.0,project_silver_repos/QbUCyPcpFtnS8mb0hVNL__cvideolal.zip,Fix: load fonts before all layout computations (#240)
100,Nexarch,unknown,3,1,57.0,project_silver_repos/E4my8gcajs4O8r5E4cIJ__Nexarch.zip,Investigate and fix fix issue indicated by commit 'Refactor 
101,vitatrack,JS/TS,3,1,57.0,project_silver_repos/crIWwVLZ6ewhkggLPoM1__vitatrack.zip,Investigate and fix validation issue indicated by commit 'fe
102,deepface-unity-age-estimator,Python,3,1,56.5,project_silver_repos/2ONWLvuJ8D90NBDdRSK3__deepface-unity-age-estimator.zip,"Investigate and fix traversal, path issue indicated by commi"
103,diogenes-ai-leadgen,Python,3,1,56.5,project_silver_repos/0aVyADJfwpYJxMSpnkX9__diogenes-ai-leadgen.zip,"Fix 3 CRM display bugs: companies domainName, deals company "
104,flourich_creator,JS/TS,3,1,56.5,project_silver_repos/kPQfXFAPMI3i6IDhH9az__flourich_creator.zip,Fix bug on studio and profile page.
105,webstore,JS/TS,3,1,56.0,project_silver_repos/qWF7fYEpcZmF2R76TvsO__webstore.zip,Fix landing/auth routing to app subdomain and env setup
106,agentforge,JS/TS,3,1,56.0,project_silver_repos/YDWLdVv3Ts6icd0vEvGZ__agentforge.zip,"Investigate and fix parse, auth issue indicated by commit 't"
107,fleet_logistics_repo,JS/TS,3,1,56.0,project_silver_repos/HKYhoLcO4gRcPJu7fBu9__fleet_logistics_repo.zip,"Investigate and fix validation, edge issue indicated by comm"
108,PrepLane,JS/TS,3,1,55.5,project_silver_repos/oesYoDA55oqhzoGdQcnG__PrepLane.zip,Fix: dictionary API timeout and missing error handling
109,Neurite,JS/TS,3,1,55.5,project_silver_repos/Pz7of0bbpdMrRbVjQpxC__Neurite.zip,Fix Edge Restoration/Improve Function Call Prompt
110,aflam-telegram-bot,unknown,3,1,55.0,project_silver_repos/oyjjw3fpo70fiMrminUe__aflam-telegram-bot.zip,Fix admin authentication validation path
111,trio-new,Python,3,1,55.0,project_silver_repos/4PJzxaWNhjzpYjAjcn5h__trio-new.zip,"Investigate and fix memory, race issue indicated by commit '"
112,budget,Python,3,1,55.0,project_silver_repos/4FU2m7qQrlzyeiujgMDX__budget.zip,Fix syntax errors and test issues across analysis and comman
113,conduit,Python,1,1,55.0,project_silver_repos/CdVOpKbFc7X31hPTONG5__conduit.zip,Fix several bugs surfaced by tests
114,tradecore,Python,2,1,55.0,project_silver_repos/RF2gLNPo2M6m6FUeLM8X__tradecore.zip,"Fix: ensure all endpoints return valid JSON, handle missing "
115,Assetfox,JS/TS,3,0,54.5,project_silver_repos/jiMXHSE9ai4pzyzk0K5l__Assetfox.zip,"Investigate and fix fix, auth issue indicated by commit 'Com"
116,FleetFlow,Python,3,0,54.5,project_silver_repos/LAah0Il9B0BRpf4eaDl1__FleetFlow.zip,Investigate and fix permission issue indicated by commit 'Ad
117,AASTU-G5-T3,unknown,3,0,54.5,project_silver_repos/5projG93tZEvssCdr1KD__AASTU-G5-T3.zip,Investigate and fix fix issue indicated by commit ':lock: fi
118,aod_chatbot_v2,Python,3,0,54.0,project_silver_repos/uKXunNOdDZEbjpSkO8gE__aod_chatbot_v2.zip,"Investigate and fix parse, auth issue indicated by commit 't"
119,4shelf-backend,JS/TS,3,0,54.0,project_silver_repos/LAIJmtmOVWY3XMgDnyjP__4shelf-backend.zip,Fixed bug with wrong sequence of code flow
120,stowline-storage,JS/TS,3,0,54.0,project_silver_repos/gXGWlsZEMXM97rZKEvPt__stowline-storage.zip,Fix: allocator skips zero-amount payments rather than enteri
121,plait,JS/TS,3,0,54.0,project_silver_repos/2luPybDfZBIs5UQ0L9xB__plait.zip,"Investigate and fix timeout, validate issue indicated by com"
122,Dream-Car-Scraper,Python,3,0,54.0,project_silver_repos/K4tnsms9tZ56LcLagRtp__Dream-Car-Scraper.zip,Fix: fix selenium installation method.
123,opspulse,JS/TS,3,0,54.0,project_silver_repos/TFGXzJk4gySLrBJ2FQ5K__opspulse.zip,Investigate and fix auth issue indicated by commit 'test(aut
124,tideway,JS/TS,3,0,54.0,project_silver_repos/WIXY3qMx21GbjrQhFCr0__tideway.zip,Investigate and fix crash issue indicated by commit 'integra
125,meshlink,Python,3,0,53.5,project_silver_repos/O2kEIQypm6SmPPkjgQxZ__meshlink.zip,Fix: race condition in registry
126,notiqo,JS/TS,3,0,53.5,project_silver_repos/RRDbYVNUlUJjqW2CqueS__notiqo.zip,Investigate and fix auth issue indicated by commit 'feat: ad
127,fluxpipe,Python,3,0,53.5,project_silver_repos/jxs4vkz1nLgSdJvyWz5b__fluxpipe.zip,"Investigate and fix validation, auth issue indicated by comm"
128,taskflow,Python,6,0,53.5,project_silver_repos/JfNWXRQeascsOF06no32__taskflow.zip,Fix case-sensitive search matching
129,halora-management,JS/TS,3,0,53.0,project_silver_repos/P2nHfTsSWv4KQOm5LhgF__halora-management.zip,Investigate and fix concurrent issue indicated by commit 'te
130,rope-new-repo-root,Python,3,0,53.0,project_silver_repos/uvIMcZFOk3ZWGJakKt9D__rope-new-repo-root.zip,Investigate and fix bug issue indicated by commit '[2280-228
131,approve-asap,Python,3,0,52.5,project_silver_repos/qDAOKQZOLAR6hapIrVsB__approve-asap.zip,Fix: update contract sorting and enhance menu structure
132,silt,JS/TS,3,0,52.0,project_silver_repos/wUAcUTYDXiETpevL1BoY__silt.zip,Investigate and fix traversal issue indicated by commit 'tes
133,forge,Python,3,0,52.0,project_silver_repos/2TvNErddwokC4IJTRWQX__forge.zip,Investigate and fix concurrency issue indicated by commit 't
134,Silver3,Python,3,0,51.5,project_silver_repos/Msqjg9r31KDpnPEdVC1L__Silver3.zip,Investigate and fix traversal issue indicated by commit 'fea
135,websiteSaige,unknown,3,0,51.0,project_silver_repos/ZU25tULRW57Y5EMo0MB2__websiteSaige.zip,Fix Supabase admin client initialization and unify backend a
136,stocktracker,Python,3,0,51.0,project_silver_repos/1nRH7kOHX4AsJiFZ7dSf__stocktracker.zip,"Investigate and fix auth, permission issue indicated by comm"
137,legalhighhub,JS/TS,3,0,51.0,project_silver_repos/1nmX3Yf1nuajSlWeh0kw__legalhighhub.zip,Fix dark mode issue in register page
138,newlandwebsites,JS/TS,3,0,51.0,project_silver_repos/BiGq3xjmxXFodZJu8yN7__newlandwebsites.zip,Fix recaptcha final
139,pulsar-dashboard,JS/TS,3,0,51.0,project_silver_repos/aBt0hh0r9AgcJCIHqAC0__pulsar-dashboard.zip,Fixed error occured during deploy
140,stat-doctor-priv,JS/TS,3,0,51.0,project_silver_repos/NDFIFBhBt3xR0ceheS7x__stat-doctor-priv.zip,Fix: duration in ind shifts
141,Unsnooze,JS/TS,3,0,51.0,project_silver_repos/HF19cbcMufPRjNthxKSt__Unsnooze.zip,Fix(ios): harden MediaPipe pod module resolution in EAS
142,account-service,JS/TS,3,0,50.5,project_silver_repos/ZJBXjRyXYE7wWXW3hGr3__account-service.zip,Fix typing
143,hostlight,unknown,3,0,50.0,project_silver_repos/qW03kJ9AeOsLjy9oF5vv__hostlight.zip,"Investigate and fix parse, auth issue indicated by commit 't"
144,airline-passenger-forecast,Python,3,0,50.0,project_silver_repos/IHFIBBJOFvF7d5TXhyki__airline-passenger-forecast.zip,Fix test_yoy_change_length: pct_change preserves NaN rows
145,deptrack,Python,3,0,50.0,project_silver_repos/UgSSo2X3mn39znQrHkCo__deptrack.zip,Investigate and fix traversal issue indicated by commit 'tes
146,spam-classifier,Python,3,0,50.0,project_silver_repos/4mGv6JFIfHanuardnwfy__spam-classifier.zip,"Fix: calibration_curve dict return, config_schema test_size,"
147,CS-Club-Community,JS/TS,2,0,49.5,project_silver_repos/Aqih7xjzbftjglmiQJ9f__CS-Club-Community.zip,Investigate and fix auth issue indicated by commit 'Upload c
148,LOGIN,JS/TS,3,0,49.5,project_silver_repos/9fSUrA8Q4MECSrh4ZEC5__LOGIN.zip,"Investigate and fix fix issue indicated by commit 'Revert ""R"
149,pawsdb_build,Python,3,0,49.0,project_silver_repos/jctxgKxEwQtvJQZKhIPU__pawsdb_build.zip,"Investigate and fix edge, security issue indicated by commit"
150,taskflow-ts,JS/TS,3,0,49.0,project_silver_repos/aLj09WjWdj9lFzBRi3ph__taskflow-ts.zip,Fix: rate limiter edge cases
151,cstoresupply,Python,3,0,49.0,project_silver_repos/GcPIeDJPFkw1yTA9b91f__cstoresupply.zip,"Investigate and fix security, injection issue indicated by c"
152,conveyor,Python,3,0,49.0,project_silver_repos/d2R6FcyG0cpOrVy7K2SJ__conveyor.zip,Fix: correct Flatten to use Record constructor when keep_ori
153,next-stop,JS/TS,3,0,48.5,project_silver_repos/aJK1sFNkbs56k09wawt2__next-stop.zip,Fix: Comment out section title rendering for current stop in
154,folio-api-sub,Python,3,0,48.0,project_silver_repos/GB8qxY8lbUZz4OFUKyyK__folio-api-sub.zip,"Investigate and fix auth, injection issue indicated by commi"
155,sensorhub,Python,3,0,48.0,project_silver_repos/1Q8J8PBsg1fBZGuyKGZ8__sensorhub.zip,Fix batch buffer race condition on flush
156,eventgrid-pro,JS/TS,3,0,48.0,project_silver_repos/Mp6XVHoHxuukF4SSa012__eventgrid-pro.zip,Fix promo edge case (maybe?)
157,repository-case-platform-svc,JS/TS,3,0,48.0,project_silver_repos/1Y5brFFm648acC8HQCnb__repository-case-platform-svc.zip,"Investigate and fix validation, auth issue indicated by comm"
158,payment-audit-ledger,Go,3,0,48.0,project_silver_repos/DPNkZzhONnktZtjWFBrX__payment-audit-ledger.zip,Investigate and fix validation issue indicated by commit 'St
159,synapsemq-repo,Python,3,0,47.5,project_silver_repos/ALuS2PZifQVdMxFGB1oV__synapsemq-repo.zip,"Investigate and fix validation, auth issue indicated by comm"
160,orca,Go,3,0,47.5,project_silver_repos/o5VKojoe2gAiPaYl8S4O__orca.zip,Fix: correct API usage across all new modules and add Record
161,schemai,JS/TS,3,0,47.5,project_silver_repos/IPV79DLBlQJ4WrZkiCgw__schemai.zip,Fix(config): fix getEffectiveMaxRecords type narrowing issue
162,enginefinder,JS/TS,3,0,47.5,project_silver_repos/hw3HEj99N9xTFLvEnWCU__enginefinder.zip,Fix round-robin race condition: JS rotation desync with DB t
163,chassis,JS/TS,3,0,47.5,project_silver_repos/ew8QuPESyTqhMs5RwbgG__chassis.zip,"Investigate and fix parser, escape issue indicated by commit"
164,coffeeShop,JS/TS,3,0,47.5,project_silver_repos/l1evkSPKnq0rnINrgNCq__coffeeShop.zip,Fixing bug
165,RealTimeChat,JS/TS,3,0,47.5,project_silver_repos/UZgVe3NzjHFWBBmSeJsc__RealTimeChat.zip,Fixed case sensitivity issue
166,Economic-Freedom-Fund-UI,JS/TS,3,0,47.0,project_silver_repos/1f3c2VzLmA9q6j6sbc9Y__Economic-Freedom-Fund-UI.zip,Fix: evict stale auth sessions missing accessToken to resolv
167,gridharbor,JS/TS,3,0,46.5,project_silver_repos/oJntMjt0qJqskb5q823U__gridharbor.zip,"Investigate and fix regression, edge issue indicated by comm"
168,repo,unknown,6,0,46.0,project_silver_repos/bMEUOrmpGk7I5QybR3Up__repo.zip,Fix memory leak in model loader
169,riftlog,Python,3,0,46.0,project_silver_repos/suyW0suCDAbdwFeqASV7__riftlog.zip,"Investigate and fix parse, path issue indicated by commit 'f"
170,async-api-monitor,Python,3,0,46.0,project_silver_repos/IR6vUTfIAEWIf7495deo__async-api-monitor.zip,Investigate and fix bounds issue indicated by commit 'more r
171,moss,Python,3,0,46.0,project_silver_repos/moss_mock_5x30a6zg__moss.zip,Investigate and fix auth issue indicated by commit 'Add API 
172,prism,Python,3,0,46.0,project_silver_repos/nkgxKEwmLbL1BU4U3lL7__prism.zip,Investigate and fix regression issue indicated by commit 'ca
173,taskqueue_final,Python,3,0,46.0,project_silver_repos/U2fJRtdX8i3XDkzZkWGc__taskqueue_final.zip,Investigate and fix security issue indicated by commit 'Add 
174,POSbi,JS/TS,3,0,45.5,project_silver_repos/9151KZImWfF3HRYQkzKY__POSbi.zip,Fix: exclude test files from app tsconfig to prevent build f
175,pulselog,JS/TS,3,0,45.5,project_silver_repos/XR6AxiG7VwKZ3zsts4k5__pulselog.zip,Fix: add training library sources (batch 48)
176,MemoryMesh,Python,3,0,45.5,project_silver_repos/OzwQMqdfFQUzz0jug1VL__MemoryMesh.zip,"Investigate and fix memory, validation issue indicated by co"
177,depgraph,JS/TS,3,0,45.0,project_silver_repos/8emFOAImYGDhpVT5f22q__depgraph.zip,Investigate and fix traversal issue indicated by commit 'tes
178,idash_fastapi,unknown,3,0,44.5,project_silver_repos/vgSiMxnUkX2MyWBf7Zc7__idash_fastapi.zip,FIXED : new bug code to 8 digits
179,time-off-microservice,JS/TS,3,0,44.5,project_silver_repos/5Oe2XpORFIQ9yLSz950x__time-off-microservice.zip,Investigate and fix race issue indicated by commit 'test: ad
180,go-fintech-ops,unknown,3,0,44.0,project_silver_repos/NxLw5qcEvFJmGgnYEy8G__go-fintech-ops.zip,Fix(auth): redirect to login on 401 response
181,cronus-ims,Python,3,0,44.0,project_silver_repos/ufF90ECSWBNPYRCZPbas__cronus-ims.zip,Fix race condition when two adjustments hit same stock level
182,community-service,JS/TS,3,0,44.0,project_silver_repos/KcmkU31s8ILOMSXKmdOW__community-service.zip,Fix the indexing database issue
183,nexora-marketplace-api,JS/TS,3,0,44.0,project_silver_repos/9DHiZQuQ3rywKvmyQ1RH__nexora-marketplace-api.zip,Fix the indexing database issue
184,stockplate,unknown,2,0,44.0,project_silver_repos/ObG6YG9JYdXHZ1VHAk31__stockplate.zip,Investigate and fix auth issue indicated by commit 'frontend
185,brisque-nima,Python,3,0,43.5,project_silver_repos/zCG7ZjRUmwybvYzXlvxt__brisque-nima.zip,Fix memory leak in model loader
186,atlas,Python,2,0,43.5,project_silver_repos/H63Kz7E92UtA7J0RCGVz__atlas.zip,Fix seasonal_arima() generator output length bug
187,quoin,Python,3,0,43.5,project_silver_repos/deFeTUPdnCPpVPbJqkKQ__quoin.zip,"Investigate and fix validation, path issue indicated by comm"
188,ruleforge,Python,3,0,43.5,project_silver_repos/MzJDLo2l2EH2YfJOFtSf__ruleforge.zip,Fix test assertions to match implementation behavior
189,PrismLang,Go,3,0,43.0,project_silver_repos/8mrrjCXoqAiwCNgqZxF5__PrismLang.zip,"Fix(perf): optimize parser and REPL — conditional replace, i"
190,network-services-stack,unknown,3,0,43.0,project_silver_repos/9oogLN5x7BC6MWO3lrKe__network-services-stack.zip,Investigate and fix thread issue indicated by commit 'ftp-se
191,scheduleflow,Python,3,0,42.5,project_silver_repos/3DqkHV1FJjU5iHbGS4LV__scheduleflow.zip,Fix: job name validation regex
192,adgLang,JS/TS,1,0,42.5,project_silver_repos/Z2lEJfkq2ywrnT8PVS2S__adgLang.zip,Investigate and fix parser issue indicated by commit 'fuzz: 
193,mywhy_web,JS/TS,3,0,42.0,project_silver_repos/tQs47iRcLT7tZUrFq1wY__mywhy_web.zip,Fix(auth): avoid permission error before login
194,erp_repo,Python,1,0,40.5,project_silver_repos/BgSg07KtmUqQ41oan3rj__erp_repo.zip,Investigate and fix memory issue indicated by commit 'feat(e
195,newageapps,JS/TS,3,0,40.0,project_silver_repos/cA8vEDHSlYSeYm4L3mDu__newageapps.zip,Fix: Bug fixes and alignments
196,converge,Python,3,0,39.5,project_silver_repos/XxiCeP9hLjwwPgaA1HkM__converge.zip,Fix: VC is_concurrent_with should return False for equal clo
197,xcfpay,JS/TS,3,0,39.5,project_silver_repos/T5BbuxE1vYBIgwZpB9p7__xcfpay.zip,Fix: api endpoint with auth token
198,fueltrack,Python,3,0,39.5,project_silver_repos/f2uYmrDqtij1luMbSpcN__fueltrack.zip,Investigate and fix regression issue indicated by commit 'ml
199,inventory_management_platform,Python,3,0,39.0,project_silver_repos/YLBzMk5zmQ3BLVpM7gQV__inventory_management_platform.zip,Fix race window in ship/reserve: pull check inside transacti
200,qkit,Go,3,0,39.0,project_silver_repos/3QjFR7kwFqnVvafkCTLf__qkit.zip,"Investigate and fix overflow, integer issue indicated by com"
201,typefish,Python,3,0,39.0,project_silver_repos/Tcllcx91dOmrnKm8LK2P__typefish.zip,Investigate and fix traversal issue indicated by commit 'tes
202,Well,unknown,3,0,39.0,project_silver_repos/AMEv8MOuanM4cz1It4Fo__Well.zip,Fix Payment
203,cellengine,Python,3,0,39.0,project_silver_repos/QvnwMDY5xEZUdDF5u4ay__cellengine.zip,Investigate and fix parser issue indicated by commit 'Add te
204,logistics-planner,Python,3,0,39.0,project_silver_repos/uQdZVxObfeIN41i235Ux__logistics-planner.zip,Investigate and fix validate issue indicated by commit 'test
205,pyquery,Python,3,0,39.0,project_silver_repos/CB7hUE4QMhaUL3Re0DxN__pyquery.zip,Investigate and fix parser issue indicated by commit 'tests:
206,svg-pdf-to-vsdx,Python,3,0,39.0,project_silver_repos/JAwr64OfUfHLklPmoNJ1__svg-pdf-to-vsdx.zip,Investigate and fix validate issue indicated by commit 'test
207,tabs,Python,3,0,39.0,project_silver_repos/gRgi1yjJnXJuEXQuAlUn__tabs.zip,Investigate and fix validation issue indicated by commit 'te
208,audio-call,JS/TS,3,0,38.5,project_silver_repos/L7XQqOqZPYQnadrC2osd__audio-call.zip,Fix socket disconnection and infinite retry for large file u
209,workfinder-repo,Python,3,0,38.5,project_silver_repos/Bn2DC85oAGTiTZQgp2nG__workfinder-repo.zip,Fix(bayt): add explicit 30s timeout to prevent hanging reque
210,soundrig-artist-app,JS/TS,3,0,38.0,project_silver_repos/1OHUTC78k0atS6kRVLLZ__soundrig-artist-app.zip,Fixed auth
211,Secure-messaging-backend,unknown,3,0,37.5,project_silver_repos/oxYPw3vxWUYkogQ3tCaP__Secure-messaging-backend.zip,Fixed email bug finally
212,sakura_v2,JS/TS,3,0,37.5,project_silver_repos/qaGWUuvjAJWRyxd9rdV5__sakura_v2.zip,Fix file path in chat_attachment
213,industrial-platform-repo,unknown,3,0,37.0,project_silver_repos/fXkd7ete5CGoX1KXFVud__industrial-platform-repo.zip,Fix race condition
214,wirewright,Go,3,0,37.0,project_silver_repos/HxW2ZEA3KLDjsbWQqwi2__wirewright.zip,"Investigate and fix fix, underflow issue indicated by commit"
215,glyph,Python,3,0,37.0,project_silver_repos/bUYDsx8iPZ7tdInRjJAW__glyph.zip,"Investigate and fix decoder, canonical issue indicated by co"
216,questly-v3-new,JS/TS,3,0,36.5,project_silver_repos/0qc2NBJ7IsUJIqHtK5Uh__questly-v3-new.zip,"Investigate and fix validate, auth issue indicated by commit"
217,questly-v3-submission,JS/TS,3,0,36.5,project_silver_repos/OclYoanYvuwfSIAKRT66__questly-v3-submission.zip,"Investigate and fix validate, auth issue indicated by commit"
218,pbforge,Go,3,0,36.5,project_silver_repos/OHlIxXx56GPfP5ew9HNy__pbforge.zip,Investigate and fix traversal issue indicated by commit 'add
219,blue-clerk-app,JS/TS,3,0,36.0,project_silver_repos/DU3tNvKuU1KA7yOW0prt__blue-clerk-app.zip,Fix: bug in search companies function
220,stockplate-new,unknown,3,0,36.0,project_silver_repos/1cF3fp1c864DVbwbxzmv__stockplate-new.zip,Investigate and fix permission issue indicated by commit 'co
221,slotpay,Python,3,0,35.5,project_silver_repos/FIEefzl0QT0rziLW4ea8__slotpay.zip,"Fix: correct cli arg bug, retry logic, and package metadata"
222,gocircuit,Go,3,0,35.5,project_silver_repos/fuxoKMQ8tIXaVPGr3z4f__gocircuit.zip,Investigate and fix concurrency issue indicated by commit 'b
223,Crystal-AQ,unknown,3,0,34.0,project_silver_repos/cyL78YSxKk5VzvnAf7ZT__Crystal-AQ.zip,Fixed tracker bug
224,arahaz_blog_sanitized_v3,unknown,3,0,33.5,project_silver_repos/BKcvkw9XudinNsunthg9__arahaz_blog_sanitized_v3.zip,Fix tagline sanitizer wait handling
225,Flowcast,JS/TS,3,0,33.5,project_silver_repos/hiqycla7qv3cNxCRzFDW__Flowcast.zip,Fix: enforce retry timeout bounds
226,automateintel_voice_frontend,JS/TS,3,0,33.0,project_silver_repos/1Px77pdFJS1zG7zMtDHY__automateintel_voice_frontend.zip,Fix: stabilize auth interceptor initialization
227,PawsIQ,JS/TS,3,0,33.0,project_silver_repos/1yn8GL3aTFmEOItAVqrN__PawsIQ.zip,"Investigate and fix fix, bug issue indicated by commit 'bug "
228,EvalForge,Python,2,0,32.0,project_silver_repos/SiRLHVuDdjZIykfrf992__EvalForge.zip,Investigate and fix validation issue indicated by commit 'Ad
229,AI-Translator,JS/TS,3,0,31.5,project_silver_repos/rET3t29vzQ1Zvgc7mWLY__AI-Translator.zip,Fix memory leak in translation runtime
230,Gadgetappstore,JS/TS,3,0,31.5,project_silver_repos/8tduVrdTMT2IYPGY7sBf__Gadgetappstore.zip,Investigate and fix auth issue indicated by commit 'feat(aut
231,stagedoor-api,Go,3,0,31.5,project_silver_repos/r7Oip3W7uVxXotkzX1yq__stagedoor-api.zip,Investigate and fix auth issue indicated by commit 'response
232,subsync,Python,3,0,31.5,project_silver_repos/VAvE53qD9jwpOuMGVON5__subsync.zip,Investigate and fix validate issue indicated by commit 'vali
233,csv-to-shopify-flow,JS/TS,3,0,31.0,project_silver_repos/inEIfhmA8IvFURq5Qjlb__csv-to-shopify-flow.zip,Fix rulebook parser for weight index
234,lop-token,JS/TS,3,0,31.0,project_silver_repos/Vs7qBPbKDigtlpC13zQJ__lop-token.zip,Fix: lop supply validation for swap
235,Qwen2Bitnet,unknown,3,0,30.5,project_silver_repos/1VDJfjnCGIVnGT521nkX__Qwen2Bitnet.zip,"Fix: tq_cache overflow warning, realloc leak, rotated_q VLA,"
236,SmallMoE,unknown,3,0,30.5,project_silver_repos/UrghUH5CTW2jqyU0Lg0v__SmallMoE.zip,"Fix: tq_cache overflow warning, realloc leak, rotated_q VLA,"
237,marketx-apis,JS/TS,3,0,30.5,project_silver_repos/Tpn3qWaSgkHIcQbjzjHW__marketx-apis.zip,Fix: remove duplicate controller registrations in app bootst
238,mywhy_app_dart,unknown,3,0,30.0,project_silver_repos/Gjh1sQZhVFqRMNuDdn2h__mywhy_app_dart.zip,Fix(auth): avoid permission error before login
239,monorepo-frontend,JS/TS,3,0,30.0,project_silver_repos/eARSE7PQYgHx5i2f3Fgc__monorepo-frontend.zip,"Investigate and fix fixed, bug issue indicated by commit 'bu"
240,MABATIIQ,unknown,1,0,30.0,project_silver_repos/u950TbNMk4XIwP5iNNmI__MABATIIQ.zip,Fixes to profiling
241,workflow-engine,Python,3,0,29.5,project_silver_repos/Ej4FI2J4cm00XsDJ2r45__workflow-engine.zip,Fix: note None-comparison edge case in ConditionAction
242,comm-sfu,JS/TS,3,0,29.5,project_silver_repos/EKmL7efghFCYekQyBmMh__comm-sfu.zip,Fixing a bug
243,Junehavens-Solution-V2,Python,3,0,29.0,project_silver_repos/I2LH3oCQ9usNIQRskTJ8__Junehavens-Solution-V2.zip,Fix: replace all Unicode checkmark characters with [OK] text
244,PrimeElements_Backend,unknown,3,0,29.0,project_silver_repos/PN5vquy8dkApuNB1LArQ__PrimeElements_Backend.zip,Investigate and fix infinite issue indicated by commit 'impl
245,loom,Python,3,0,28.5,project_silver_repos/cVpER4vnD1jg30eqOAzQ__loom.zip,"Investigate and fix parse, parser issue indicated by commit "
246,subhan-traders-pos,JS/TS,3,0,28.0,project_silver_repos/BrolG6dfmEuf7USOq9SL__subhan-traders-pos.zip,Fixed infinite scroll bug in the pos layout
247,TradeVault,Java,3,0,28.0,project_silver_repos/1HZmVhJcjpPcGb0BZReP__TradeVault.zip,Fix whitespace in AccountControllerTest
248,pyro-http2,Go,3,0,27.5,project_silver_repos/GnXe0JkVTDi26pkph0sT__pyro-http2.zip,Fix: return bytes from encode/decode functions and wrap Pyth
249,Perplexica,JS/TS,3,0,26.0,project_silver_repos/HWpxZHaTjvwLGQ8J4Gs8__Perplexica.zip,"Investigate and fix fix, infinite issue indicated by commit "
250,petobots-gen2-web3,JS/TS,3,0,26.0,project_silver_repos/rNi32ulTZkdlBp627TEM__petobots-gen2-web3.zip,Fix: .env.template fixed
251,healthcare-integration-platform,JS/TS,3,0,26.0,project_silver_repos/TuevM9SmME9LIkt9XB64__healthcare-integration-platform.zip,"Investigate and fix fix, path issue indicated by commit 'tes"
252,luminosana.abcloudpanel.com,JS/TS,3,0,26.0,project_silver_repos/zjORLuQgJicgVjSc74hP__luminosana.abcloudpanel.com.zip,Fixed redirect issue after login...
253,olive-backend,JS/TS,3,0,26.0,project_silver_repos/cBtdY5UtiIQdWCSraWVA__olive-backend.zip,Fix decimal issue on tp/sl
254,shoply,JS/TS,3,0,26.0,project_silver_repos/LC6VOb0ILQv1AOrsryGb__shoply.zip,"Fix: remove illegal object exports from ""use server"" action "
255,Lo_Vi,JS/TS,3,0,24.5,project_silver_repos/EnGIFIcqWcaAmpYP9SaF__Lo_Vi.zip,"Fixed a Bug with a component ""Google Gemini Effect"""
256,zendesk,Python,3,0,24.5,project_silver_repos/nxePVWTK4sCsvryDs25r__zendesk.zip,"Fix(zendesk,todoist): update internal ports to 8004"
257,CommitCraft,JS/TS,3,0,24.5,project_silver_repos/YEFuBfqu0OJfZOsZzc5i__CommitCraft.zip,Investigate and fix parser issue indicated by commit 'feat(c
258,bynaus-ai-companion,Python,3,0,24.0,project_silver_repos/WoTy8fuKzbnsbJ3f68LA__bynaus-ai-companion.zip,Fix: resolve email sync crash (associations=None) and SysEng
259,secure-pesa,Python,3,0,23.5,project_silver_repos/9mFaZDTGr6cSopbSHvR0__secure-pesa.zip,Fix(disputes): update class names to follow convention
260,AdvisoryStudioCore,unknown,3,0,23.5,project_silver_repos/vlv2G92Rz4s9jRvlCwbo__AdvisoryStudioCore.zip,"Investigate and fix fix, bug issue indicated by commit 'mcp "
261,harbor-sim,Python,3,0,23.5,project_silver_repos/V8iVpRiPF25Ft6ohNl2y__harbor-sim.zip,"Investigate and fix decode, encode issue indicated by commit"
262,cobble,Go,3,0,23.0,project_silver_repos/7zycjUbYOV4ETBSU5wls__cobble.zip,"Investigate and fix auth, canonical issue indicated by commi"
263,runtime-observability-suite-plus,Python,3,0,22.5,project_silver_repos/fd4eoS738YguSlL5dIYJ__runtime-observability-suite-plus.zip,Investigate and fix validation issue indicated by commit 'Ad
264,casino-client,JS/TS,3,0,21.5,project_silver_repos/Byie9Hp4KC66Rd84c8G4__casino-client.zip,Fix crash gape graph position
265,hunt,Python,3,0,21.5,project_silver_repos/cXLLvzfIwZfm0S78Kvi3__hunt.zip,Fix: handle edge cases in salary parsing and geo normalizati
266,flourich_customer,JS/TS,3,0,21.0,project_silver_repos/cAsTkK6VjkGpENaeyMLT__flourich_customer.zip,Fix  bug on chat logic
267,borough,Go,3,0,21.0,project_silver_repos/gcH2RMvnK0fwAqzmpDoS__borough.zip,"Investigate and fix nil, path issue indicated by commit 'pkg"
268,blueberryapp,JS/TS,3,0,21.0,project_silver_repos/X43TTmiG4S6okzy3YJY6__blueberryapp.zip,Fix
269,degime-frontend,JS/TS,3,0,21.0,project_silver_repos/5WTONwwiV7zhR02EBvI4__degime-frontend.zip,Fix code
270,HoodiePersona,JS/TS,3,0,21.0,project_silver_repos/CW2xp52w9oO5kprE5Cac__HoodiePersona.zip,Fix update issue
271,RatifiedTech,JS/TS,3,0,21.0,project_silver_repos/TjgD8wRBhJmocyCIhc08__RatifiedTech.zip,Fixed broken links:
272,winassist_dev,unknown,3,0,21.0,project_silver_repos/uyPQfKWnBhlcX4PPfXdG__winassist_dev.zip,Fix
273,easyschoolUI,JS/TS,3,0,20.0,project_silver_repos/IopLkULrkSzkQK8k2raA__easyschoolUI.zip,Fix(auth): return UrlTree from guard and treat empty-string 
274,corpo-base,Java,3,0,20.0,project_silver_repos/rBMTkgPe6OlTvqRMVk7Z__corpo-base.zip,Fix thru() declaration
275,digitide-wafers-portal,Java,3,0,20.0,project_silver_repos/Vz9C2mzrqoFCrSgZpOVQ__digitide-wafers-portal.zip,Fixed Update API for QuickLinkSubHeaderService
276,rex,Go,3,0,19.5,project_silver_repos/ZLve5UTyEi2UB7JjZyQW__rex.zip,"Investigate and fix parser, traversal issue indicated by com"
277,freightline-api,Go,3,0,19.5,project_silver_repos/Va3pZ987rnG4WpcgwLNz__freightline-api.zip,Investigate and fix security issue indicated by commit 'requ
278,au-dispatch-final,unknown,1,0,19.5,project_silver_repos/ioP20L3jPjCvRkNchE7m__au-dispatch-final.zip,Investigate and fix auth issue indicated by commit 'Implemen
279,vesto-backend,unknown,3,0,19.0,project_silver_repos/tb2HsgfXjZv7WcC1ztmy__vesto-backend.zip,Fixed permission issues in notification service and configur
280,inboxAI,unknown,3,0,18.0,project_silver_repos/MWtLLJq4YNMN66DGmYg7__inboxAI.zip,"Investigate and fix fixed, bug issue indicated by commit 'du"
281,mlboost,JS/TS,1,0,16.0,project_silver_repos/9HJnbCPJuMtvfxce39it__mlboost.zip,Investigate and fix path issue indicated by commit 'Add disc
282,37-team-manga,unknown,3,0,14.5,project_silver_repos/czgljwipkMtTBz2ZObVF__37-team-manga.zip,Fix purchase bug
283,AssetVault,unknown,3,0,14.5,project_silver_repos/uR4KQeCcjiUcnsZyZXZm__AssetVault.zip,"Investigate and fix auth, security issue indicated by commit"
284,hatch-api-subm,JS/TS,3,0,14.0,project_silver_repos/BgKFM5Wrv4Is0huoeeZ4__hatch-api-subm.zip,Fix(auth): refresh token endpoint was not revoking old token
285,inventory-api,Go,3,0,13.5,project_silver_repos/vzsCkjTsvukPKcDuSGbZ__inventory-api.zip,Investigate and fix auth issue indicated by commit 'auth mid
286,Shutter_Back-end,unknown,3,0,13.0,project_silver_repos/u37Wgc3p11qFjqCyXmmt__Shutter_Back-end.zip,Fixed a bug  error message when creating an appointment.
287,streamgraph,Python,2,0,13.0,project_silver_repos/S1Q0z1nYlrVXShOqF9zZ__streamgraph.zip,Investigate and fix validation issue indicated by commit 'ad
288,messaging-ui,JS/TS,3,0,12.0,project_silver_repos/F0HoIKfPjdNbdUcgLCkQ__messaging-ui.zip,Fix client-side timeout for large file messages
289,DABB.ai,Python,3,0,11.0,project_silver_repos/eZADSQBOezQn8oSvoUpI__DABB.ai.zip,Investigate and fix validation issue indicated by commit 'Ad
290,Problembox,JS/TS,2,0,10.0,project_silver_repos/O8kUsFwD48MviL9OW8jo__Problembox.zip,Investigate and fix auth issue indicated by commit 'feat(aut
291,4corners,JS/TS,3,0,9.5,project_silver_repos/i8Pe45P0CTEruzcsVvlE__4corners.zip,"Investigate and fix fixed, validation issue indicated by com"
292,eventcater,unknown,3,0,9.5,project_silver_repos/ClSXmFEEyTnSWcmOk68s__eventcater.zip,Investigate and fix security issue indicated by commit 'prop
293,kebede-butchery-ms,JS/TS,3,0,9.0,project_silver_repos/z3vVV371SItTs2rELSsi__kebede-butchery-ms.zip,Fix CSRF referer checking issue - Disable CSRF_USE_REFERER f
294,petobots-gen2-indexer-web3,JS/TS,3,0,7.0,project_silver_repos/pB5moQIDAA6e1IXjHDKN__petobots-gen2-indexer-web3.zip,"Fix: process(), add timeout"
295,weprocess-web-fe,JS/TS,3,0,6.0,project_silver_repos/KG8UdfknCytBHh2qMnO5__weprocess-web-fe.zip,Fix(seo): update SEO import paths and canonical URLs for Sig
296,cateringops,unknown,3,0,6.0,project_silver_repos/vcyIfZmsXbePuIXcrVxQ__cateringops.zip,Investigate and fix auth issue indicated by commit 'menu: en
297,eben-referral-frontend,JS/TS,3,0,6.0,project_silver_repos/YhD1lFV8pEXNnQK8fNrQ__eben-referral-frontend.zip,Fix
298,vibesphere-campus,JS/TS,3,0,6.0,project_silver_repos/KbVHDNT0NHogy0ikjUr8__vibesphere-campus.zip,Fixed post route
299,Anton_wireframe,Python,3,0,5.5,project_silver_repos/Cqbkv3wYLNmYm3iNHq7J__Anton_wireframe.zip,Fix database URL in db.py and update import path for schemas
300,book_1,JS/TS,3,0,5.0,project_silver_repos/b2KSMTGAZvIaEShXNgxf__book_1.zip,Fix bug...
301,fba_support,JS/TS,3,0,5.0,project_silver_repos/FzLX1aBgo3UHYr9zhABn__fba_support.zip,"Investigate and fix fix, bug issue indicated by commit 'bug "
302,qraft,Python,3,0,4.5,project_silver_repos/rSJtA9a9tO6co3yvx338__qraft.zip,"Investigate and fix timeout, regression issue indicated by c"
303,flowpipe,JS/TS,3,0,1.5,project_silver_repos/ookv8Icm8eRK9UsioV6z__flowpipe.zip,Fix: joinTransform — null/undefined keys are now unmatchable
304,ss-inbound-fulfillment,JS/TS,3,0,1.5,project_silver_repos/cSeHRVKCSLS9Pitdm3Nb__ss-inbound-fulfillment.zip,Fix duplication bug
305,TerraBloom,JS/TS,3,0,1.0,project_silver_repos/cQZcNJbYBwxfdXhfEjms__TerraBloom.zip,Fix x overflow
306,frontend,JS/TS,3,0,1.0,project_silver_repos/vsySzM2m8luLCynDH6uP__frontend.zip,Fix reading eth of null issue
307,BomaSuite-Dashboards,JS/TS,3,0,1.0,project_silver_repos/edXvyXoWKt7yOKPK2UGZ__BomaSuite-Dashboards.zip,Fixed dashboard layout
308,dogstar-mylab,JS/TS,3,0,1.0,project_silver_repos/JozLGYYVNEF0WeJssxNE__dogstar-mylab.zip,Fix the prettier issues
309,ticket-management-system-tms01,JS/TS,3,0,1.0,project_silver_repos/7vLzOK7Pkfs4Pr1i6Ndk__ticket-management-system-tms01.zip,Fixed-endpoint urls for twilio-intg.
310,cobol_analyzer,Python,3,0,-2.0,project_silver_repos/yEuULL97YrxW8WkXYjYl__cobol_analyzer.zip,Fix minor regression
311,ebm_core,Python,3,0,-2.0,project_silver_repos/2ZBtf0KeVF8U4ZOQsagE__ebm_core.zip,Fix minor regression
312,kelpfinder,JS/TS,3,0,-2.0,project_silver_repos/YgpVuo6EBo53ejg2rN6u__kelpfinder.zip,Fixtures: draft-04 integer cases
313,Numin-Trading-Dashboard,Python,3,0,-2.0,project_silver_repos/M0qxY06hlwG5C5FSJzuK__Numin-Trading-Dashboard.zip,"Investigate and fix fix, bug issue indicated by commit 'Bug "
314,verifyy-2.0,unknown,3,0,-4.0,project_silver_repos/Ct3ttzbiIkYUbs6OtzPb__verifyy-2.0.zip,Fix auth service
315,stampmill,JS/TS,3,0,-4.0,project_silver_repos/DWDMAPN5R6Od0Ty5VG1p__stampmill.zip,Fix: add decl parser logic
316,portfolio-v3,unknown,3,0,-5.5,project_silver_repos/p13ssvjv5DalecNs99jE__portfolio-v3.zip,Fix bug
317,JobSeachBlitzApp,Python,3,0,-6.5,project_silver_repos/yOcAKhXEdhueyyxlfR0B__JobSeachBlitzApp.zip,Fix(auth): fix validation in index
318,LegAi,Python,3,0,-6.5,project_silver_repos/DwcwDyY9JHTcbELyAHKg__LegAi.zip,"Investigate and fix unicode, path issue indicated by commit "
319,queryweave,Python,2,0,-7.5,project_silver_repos/p7HYj4fF183Fhm5xSqg5__queryweave.zip,Investigate and fix parser issue indicated by commit 'parser
320,trading-tools-nodejs,JS/TS,3,0,-8.0,project_silver_repos/3YdquHz9m7GNp8EQDtqW__trading-tools-nodejs.zip,Fix: handle null values in technical indicator input arrays
321,dataweave,Python,3,0,-11.0,project_silver_repos/MKKtboXSHDNRlGEUTHoV__dataweave.zip,Fix
322,visionaries,JS/TS,3,0,-11.5,project_silver_repos/HqFJq95TLfNA6h5L5f1D__visionaries.zip,Fix: overflow width
323,MGF,Go,3,0,-11.5,project_silver_repos/PFafJP4GGqMfxFQlGUSv__MGF.zip,Fix bug
324,make-parent,Java,3,0,-11.5,project_silver_repos/ICfjtI5tQSWIsEtRoZbh__make-parent.zip,Fix potential null reference in RequestInfo exception format
325,querycraft-repo,JS/TS,3,0,-12.0,project_silver_repos/ax0kFMkToFfdXC9EF8NK__querycraft-repo.zip,Fix compiledGet crash on null intermediates (#12)
326,vaultkey,Python,1,0,-12.0,project_silver_repos/m79hsogUkkqCHC8WRIli__vaultkey.zip,Investigate and fix auth issue indicated by commit 'add auth
327,tong,unknown,1,0,-12.5,project_silver_repos/jizccagbyBHYdK1KNir0__tong.zip,Fix admin.py indentation error at Club registration
328,EPS,JS/TS,3,0,-14.0,project_silver_repos/4ftTvzHr9dTpHfchHPJE__EPS.zip,"Investigate and fix fixed, bug issue indicated by commit 'Ke"
329,tinsu-bona-school,Java,3,0,-15.0,project_silver_repos/wHFj3WBYt9uMO8uwKbBt__tinsu-bona-school.zip,Fix test
330,mtp-particle-sizing,Python,3,0,-15.5,project_silver_repos/jvEeUJ2uWsk1r6LmJNae__mtp-particle-sizing.zip,Fix: validate_transmittance now checks for nan and inf expli
331,fleetops,Python,3,0,-15.5,project_silver_repos/vFF3IBWq47QkuXXBVDSq__fleetops.zip,Fix: concurrent modification handling
332,Chroma-Client,JS/TS,3,0,-17.5,project_silver_repos/bZrDBBNIdKGTRzokE0GR__Chroma-Client.zip,Fix: patch memory leak in useEffect
333,a2sv-application-tracker,JS/TS,3,0,-18.5,project_silver_repos/mIos68qTowzTG9PlHBWW__a2sv-application-tracker.zip,Fix bug for deployment
334,apr,JS/TS,3,0,-18.5,project_silver_repos/r9cqcPP6NKOJiJoMl7CE__apr.zip,Fix: :bug: closed status check
335,weprocess-laravel-be,JS/TS,3,0,-18.5,project_silver_repos/YNhuVb8uhpZkcZTRtRgn__weprocess-laravel-be.zip,Fix: Sanitize statement input in ServeSosService
336,pulseguard-reconstructed,Python,3,0,-19.0,project_silver_repos/74wMrp0vcELHRoOIPKjN__pulseguard-reconstructed.zip,Fix: add _validate_suppression_window() to AlertDeduplicator
337,forge-idp,unknown,3,0,-19.0,project_silver_repos/azHcKU0we3bcZc7UTWXB__forge-idp.zip,Fix Fernet key derivation memory leak
338,dogstar-backend,JS/TS,3,0,-19.0,project_silver_repos/kxeSUkeYGxaGvWur7zK4__dogstar-backend.zip,Fix: Convert startingBalance to Number for validation in Cre
339,DomiSource-Realtor-Profiles,JS/TS,3,0,-19.0,project_silver_repos/j81fgvFaP9phUrkeWoJp__DomiSource-Realtor-Profiles.zip,Fix: add validation for id parameter in SSR profile route
340,booking-ledger,Python,3,0,-19.5,project_silver_repos/eDMZbYG84O9nkn4xr1EO__booking-ledger.zip,Fix: Fix memory leak in reports
341,mydsa,Python,3,0,-19.5,project_silver_repos/XbTpGOH2SEwlEKt6Hp1q__mydsa.zip,Fix: prevent infinite loop on empty input in kosaraju.py
342,larder,JS/TS,3,0,-20.0,project_silver_repos/AoXLeSY4JSGf6IR7GAMr__larder.zip,Fix(intake): grok-flow sets archivedAt to null on reuse
343,datapipe,Python,3,0,-20.0,project_silver_repos/7KridXJ4yYpBAcx7v953__datapipe.zip,Fix(config): _deep_merge must not mutate the base dict
344,hinglish-voice-collection-agent,Python,3,0,-21.0,project_silver_repos/sVZ8WybOvPYMXlWU9ETG__hinglish-voice-collection-agent.zip,Fix(turn_processor): include turn index and canonical amount
345,bolt.new-any-llm,JS/TS,6,0,-24.0,project_silver_repos/7lYiFL5uEMvJgBKmvBCk__bolt.new-any-llm.zip,Fix: preserve complete provider settings in cookies
346,service-transaction,Java,3,0,-24.0,project_silver_repos/8k8HEKs0rPF5pq4S47uk__service-transaction.zip,Fix chargeside for transaction fee table
347,fintechmiplata,Java,3,0,-25.5,project_silver_repos/UCanRTkRu1IWCpq6fszg__fintechmiplata.zip,"Investigate and fix null, integer issue indicated by commit "
348,sacs,unknown,6,0,-26.5,project_silver_repos/rC3v0v46PTizvNmETrG5__sacs.zip,Fix: update jwt.decode to pass algorithms as list for PyJWT 
349,nexus,Python,1,0,-27.5,project_silver_repos/2Rw3WG0nVuyE3l88ESmZ__nexus.zip,Fix
350,shrishiv_backend,Java,2,0,-31.5,project_silver_repos/qBgP7Eln76scOlO2Q2WI__shrishiv_backend.zip,Investigate and fix security issue indicated by commit 'Modi
351,intervew_project-,unknown,2,0,-32.5,project_silver_repos/Ij0rXTRdAv4fZTHHgcJX__intervew_project-.zip,Fix: add password minimum length validation on signup
